"lyk","abc","lyk@123.com","1234"
"lyk","abc","lyk@123.com","1234"
"lyk","abc","lyk@123.com","1234"
"lyk","abc","lyk@123.com","1234"
"lyk","abc","lyk@123.com","1234"
"lyk","abc","lyk@123.com","1234"
"lyk","abc","lyk@123.com","1234"
"lyk","abc","lyk@123.com","1234"
"lyk","abc","lyk@123.com","1234"
"lyk","abc","lyk@123.com","1234"
"lyk","abc","lyk@123.com","1234"
"lyk","abc","lyk@123.com","1234"
"lyk","abc","lyk@123.com","1234"
"lyk","abc","lyk@123.com","1234"
"lyk","abc","lyk@123.com","1234"
"lyk","abc","lyk@123.com","1234"
"lyk","abc","lyk@123.com","1234"
